	Recording	Participant	TOI	Interval	Media	Event_type	Validity	EventIndex	Start	Stop	Duration	AOI	Hit_proportion	FixationPointX	FixationPointY	Average_pupil_diameter	Saccade_direction	Average_velocity	Peak_velocity	Saccade_amplitude	Start_AOI	Landing_AOI	Start_position_X	Start_position_Y	Landing_position_X	Landing_position_Y
27801	Recording042	participant09_trial02	Entire Recording	1		Saccade	Partial	1	0	15	15							197.02	197.02						0.48328000000000004	0.1125
27802	Recording042	participant09_trial02	Entire Recording	1		Fixation	Partial	1	15	185	170			0.48328000000000004	0.1125	2.8822099999999997										
27803	Recording042	participant09_trial02	Entire Recording	1	fullstream	Fixation	Partial	2	285	1324	1039			0.47213999999999995	0.17223	2.94761										
27804	Recording042	participant09_trial02	Entire Recording	1	fullstream	Saccade	Partial	2	1324	1374	50							272.56	320.88				0.47213999999999995	0.17223		
27805	Recording042	participant09_trial02	Entire Recording	1	fullstream	Saccade	Partial	3	1854	1894	40							226.23	293.15							
27806	Recording042	participant09_trial02	Entire Recording	1	fullstream	Saccade	Partial	4	1974	2044	70							191.04	273.95							
27807	Recording042	participant09_trial02	Entire Recording	1	fullstream	Saccade	Partial	5	2054	2074	20							170.72	199.38							
27808	Recording042	participant09_trial02	Entire Recording	1	fullstream	Saccade	Partial	6	2084	2124	40							263.53	343.96							
27809	Recording042	participant09_trial02	Entire Recording	1	fullstream	Saccade	Partial	7	2134	2164	30							285.13	419.85							
27810	Recording042	participant09_trial02	Entire Recording	1	fullstream	Saccade	Partial	8	2184	2204	20							150.15	167.36							
27811	Recording042	participant09_trial02	Entire Recording	1	fullstream	Saccade	Partial	9	2224	2264	40							167.17	196.17							
27812	Recording042	participant09_trial02	Entire Recording	1	fullstream	Saccade	Partial	10	2284	2324	40							375.33	600.76							
27813	Recording042	participant09_trial02	Entire Recording	1	fullstream	Saccade	Partial	11	2344	2354	10							104.64	104.64							
27814	Recording042	participant09_trial02	Entire Recording	1	fullstream	Saccade	Partial	12	2364	2384	20							107.83	111.9							
27815	Recording042	participant09_trial02	Entire Recording	1	fullstream	Saccade	Partial	13	2394	2424	30							258.87	356.78							
27816	Recording042	participant09_trial02	Entire Recording	1	fullstream	Saccade	Partial	14	2444	2534	90							277.71	740.04						0.43443999999999994	0.31162
27817	Recording042	participant09_trial02	Entire Recording	1	fullstream	Fixation	Whole	3	2534	2803	270			0.43443999999999994	0.31162	2.52252										
27818	Recording042	participant09_trial02	Entire Recording	1	fullstream	Saccade	Whole	15	2803	2823	20						303.23	148.12	162.16	6.29			0.43443999999999994	0.31162	0.49005	0.39651
27819	Recording042	participant09_trial02	Entire Recording	1	fullstream	Fixation	Whole	4	2823	3203	380			0.49005	0.39651	2.49091										
27820	Recording042	participant09_trial02	Entire Recording	1	fullstream	Saccade	Partial	16	3203	3233	30							187.79	219.0				0.49005	0.39651		
27821	Recording042	participant09_trial02	Entire Recording	1	fullstream	Saccade	Partial	17	3273	3333	60							630.97	968.58						0.49423	0.47468
27822	Recording042	participant09_trial02	Entire Recording	1	fullstream	Fixation	Whole	5	3333	3873	540			0.49423	0.47468	2.4131400000000003										
27823	Recording042	participant09_trial02	Entire Recording	1	fullstream	Saccade	Whole	18	3873	3893	20						253.84	134.04	157.3	4.73			0.49423	0.47468	0.46813999999999995	0.56472
27824	Recording042	participant09_trial02	Entire Recording	1	fullstream	Fixation	Whole	6	3893	4253	360			0.46813999999999995	0.56472	2.49008										
27825	Recording042	participant09_trial02	Entire Recording	1	fullstream	Saccade	Whole	19	4253	4273	20						85.9	130.86	152.99	4.27			0.46813999999999995	0.56472	0.47472	0.47283000000000003
27826	Recording042	participant09_trial02	Entire Recording	1	fullstream	Fixation	Whole	7	4273	4692	420			0.47472	0.47283000000000003	2.47281										
27827	Recording042	participant09_trial02	Entire Recording	1	fullstream	Saccade	Whole	20	4692	4762	70						34.91	335.85	557.87	14.39			0.47472	0.47283000000000003	0.6291399999999999	0.36509
27828	Recording042	participant09_trial02	Entire Recording	1	fullstream	Fixation	Whole	8	4762	5492	730			0.6291399999999999	0.36509	2.50115										
27829	Recording042	participant09_trial02	Entire Recording	1	fullstream	Saccade	Partial	21	5492	5732	240							240.3	477.5				0.6291399999999999	0.36509		
27830	Recording042	participant09_trial02	Entire Recording	1	fullstream	Saccade	Partial	22	5762	5782	20							134.89	148.88						0.39604	0.32706999999999997
27831	Recording042	participant09_trial02	Entire Recording	1	fullstream	Fixation	Whole	9	5782	6001	220			0.39604	0.32706999999999997	2.5500599999999998										
27832	Recording042	participant09_trial02	Entire Recording	1	fullstream	Saccade	Whole	23	6001	6021	20						344.48	172.46	174.21	7.47			0.39604	0.32706999999999997	0.4797	0.3503
27833	Recording042	participant09_trial02	Entire Recording	1	fullstream	Fixation	Whole	10	6021	6091	70			0.4797	0.3503	2.53965										
27834	Recording042	participant09_trial02	Entire Recording	1	fullstream	Saccade	Whole	24	6091	6121	30						265.78	196.92	236.04	7.73			0.4797	0.3503	0.46811	0.50729
27835	Recording042	participant09_trial02	Entire Recording	1	fullstream	Fixation	Whole	11	6121	6531	410			0.46811	0.50729	2.5428599999999997										
27836	Recording042	participant09_trial02	Entire Recording	1	fullstream	Saccade	Whole	25	6531	6571	40						310.68	171.95	231.29	1.86			0.46811	0.50729	0.4861	0.52823
27837	Recording042	participant09_trial02	Entire Recording	1	fullstream	Fixation	Partial	12	6571	7591	1019			0.4861	0.52823	2.71969										
27838	Recording042	participant09_trial02	Entire Recording	1	fullstream	Saccade	Partial	26	7750	7780	30							255.07	306.02						0.62678	0.56938
27839	Recording042	participant09_trial02	Entire Recording	1	fullstream	Fixation	Whole	13	7780	8010	230			0.62678	0.56938	2.7313										
27840	Recording042	participant09_trial02	Entire Recording	1	fullstream	Saccade	Whole	27	8010	8020	10						162.75	105.41	105.41	8.89			0.62678	0.56938	0.5242100000000001	0.5375300000000001
27841	Recording042	participant09_trial02	Entire Recording	1	fullstream	Fixation	Whole	14	8020	8180	160			0.5242100000000001	0.5375300000000001	2.76657										
27842	Recording042	participant09_trial02	Entire Recording	1	fullstream	Saccade	Whole	28	8180	8200	20						255.75	199.64	206.92	4.92			0.5242100000000001	0.5375300000000001	0.50029	0.63174
27843	Recording042	participant09_trial02	Entire Recording	1	fullstream	Fixation	Whole	15	8200	8340	140			0.50029	0.63174	2.65627										
27844	Recording042	participant09_trial02	Entire Recording	1	fullstream	Saccade	Whole	29	8340	8350	10						234.78	124.05	124.05	2.85			0.50029	0.63174	0.46953999999999996	0.6753
27845	Recording042	participant09_trial02	Entire Recording	1	fullstream	Fixation	Whole	16	8350	8420	70			0.46953999999999996	0.6753	3.11263										
27846	Recording042	participant09_trial02	Entire Recording	1	fullstream	Saccade	Whole	30	8420	8440	20						40.7	164.24	192.29	4.47			0.46953999999999996	0.6753	0.51928	0.63252
27847	Recording042	participant09_trial02	Entire Recording	1	fullstream	Fixation	Whole	17	8440	8510	70			0.51928	0.63252	2.63446										
27848	Recording042	participant09_trial02	Entire Recording	1	fullstream	Saccade	Partial	31	8510	8580	70							355.12	479.4				0.51928	0.63252		
27849	Recording042	participant09_trial02	Entire Recording	1	fullstream	Saccade	Partial	32	8590	8600	10							106.51	106.51							
27850	Recording042	participant09_trial02	Entire Recording	1	fullstream	Saccade	Partial	33	8630	8650	20							115.74	122.46							
27851	Recording042	participant09_trial02	Entire Recording	1	fullstream	Saccade	Partial	34	8710	8720	10							105.11	105.11							
27852	Recording042	participant09_trial02	Entire Recording	1	fullstream	Saccade	Partial	35	8760	8780	20							141.39	155.82							
27853	Recording042	participant09_trial02	Entire Recording	1	fullstream	Saccade	Partial	36	8830	8850	20							175.52	197.65						0.58017	0.24994
27854	Recording042	participant09_trial02	Entire Recording	1	fullstream	Fixation	Whole	18	8850	9110	260			0.58017	0.24994	2.6642200000000003										
27855	Recording042	participant09_trial02	Entire Recording	1	fullstream	Saccade	Whole	37	9110	9150	40						279.63	324.92	522.58	11.21			0.58017	0.24994	0.61873	0.47726999999999997
27856	Recording042	participant09_trial02	Entire Recording	1	fullstream	Fixation	Whole	19	9150	9509	360			0.61873	0.47726999999999997	2.6933										
27857	Recording042	participant09_trial02	Entire Recording	1	fullstream	Saccade	Partial	38	9509	9549	40							261.29	306.22				0.61873	0.47726999999999997		
27858	Recording042	participant09_trial02	Entire Recording	1	fullstream	Saccade	Partial	39	9729	9749	20							224.29	224.29							
27859	Recording042	participant09_trial02	Entire Recording	1	fullstream	Saccade	Partial	40	9779	9859	80							143.92	202.52							
27860	Recording042	participant09_trial02	Entire Recording	1	fullstream	Saccade	Partial	41	9909	9919	10							139.96	139.96						0.39469	0.3644
27861	Recording042	participant09_trial02	Entire Recording	1	fullstream	Fixation	Whole	20	9919	10139	220			0.39469	0.3644	2.65433										
27862	Recording042	participant09_trial02	Entire Recording	1	fullstream	Saccade	Whole	42	10139	10169	30						62.97	160.63	214.59	6.17			0.39469	0.3644	0.44168999999999997	0.27229000000000003
27863	Recording042	participant09_trial02	Entire Recording	1	fullstream	Fixation	Whole	21	10169	10489	320			0.44168999999999997	0.27229000000000003	2.61322										
27864	Recording042	participant09_trial02	Entire Recording	1	fullstream	Saccade	Whole	43	10489	10509	20						338.2	161.25	166.72	5.38			0.44168999999999997	0.27229000000000003	0.5011399999999999	0.29606
27865	Recording042	participant09_trial02	Entire Recording	1	fullstream	Fixation	Whole	22	10509	10639	130			0.5011399999999999	0.29606	2.61806										
27866	Recording042	participant09_trial02	Entire Recording	1	fullstream	Saccade	Whole	44	10639	10669	30						258.09	238.31	339.27	4.88			0.5011399999999999	0.29606	0.48078000000000004	0.39261
27867	Recording042	participant09_trial02	Entire Recording	1	fullstream	Fixation	Whole	23	10669	11048	380			0.48078000000000004	0.39261	2.6355										
27868	Recording042	participant09_trial02	Entire Recording	1	fullstream	Saccade	Partial	45	11048	11088	40							277.24	322.41				0.48078000000000004	0.39261		
27869	Recording042	participant09_trial02	Entire Recording	1	fullstream	Saccade	Partial	46	11118	11158	40							204.11	229.19						0.45365	0.36198
27870	Recording042	participant09_trial02	Entire Recording	1	fullstream	Fixation	Whole	24	11158	11548	390			0.45365	0.36198	2.71652										
27871	Recording042	participant09_trial02	Entire Recording	1	fullstream	Saccade	Whole	47	11548	11568	20						184.67	146.68	178.01	2.17			0.45365	0.36198	0.42885	0.36401
27872	Recording042	participant09_trial02	Entire Recording	1	fullstream	Fixation	Whole	25	11568	12328	760			0.42885	0.36401	2.71592										
27873	Recording042	participant09_trial02	Entire Recording	1	fullstream	Saccade	Partial	48	12328	12338	10							105.08	105.08				0.42885	0.36401		
27874	Recording042	participant09_trial02	Entire Recording	1	fullstream	Saccade	Partial	49	12398	12428	30							294.27	397.71						0.54991	0.53199
27875	Recording042	participant09_trial02	Entire Recording	1	fullstream	Fixation	Whole	26	12428	12977	550			0.54991	0.53199	2.66266										
27876	Recording042	participant09_trial02	Entire Recording	1	fullstream	Saccade	Whole	50	12977	12997	20						178.0	121.27	137.83	3.99			0.54991	0.53199	0.50408	0.5303899999999999
27877	Recording042	participant09_trial02	Entire Recording	1	fullstream	Fixation	Whole	27	12997	13367	370			0.50408	0.5303899999999999	2.56854										
27878	Recording042	participant09_trial02	Entire Recording	1	fullstream	Saccade	Whole	51	13367	13397	30						102.08	183.23	217.5	7.38			0.50408	0.5303899999999999	0.47161000000000003	0.37865
27879	Recording042	participant09_trial02	Entire Recording	1	fullstream	Fixation	Whole	28	13397	14107	710			0.47161000000000003	0.37865	2.53882										
27880	Recording042	participant09_trial02	Entire Recording	1	fullstream	Saccade	Whole	52	14107	14117	10						177.48	105.7	105.7	8.4			0.47161000000000003	0.37865	0.37499	0.37439
27881	Recording042	participant09_trial02	Entire Recording	1	fullstream	Fixation	Whole	29	14117	14407	290			0.37499	0.37439	2.5855200000000003										
27882	Recording042	participant09_trial02	Entire Recording	1	fullstream	Saccade	Partial	53	14407	14576	170							274.46	512.41				0.37499	0.37439		
27883	Recording042	participant09_trial02	Entire Recording	1	fullstream	Saccade	Partial	54	14616	14626	10							109.78	109.78						0.61051	0.51021
27884	Recording042	participant09_trial02	Entire Recording	1	fullstream	Fixation	Whole	30	14626	14796	170			0.61051	0.51021	2.6317										
27885	Recording042	participant09_trial02	Entire Recording	1	fullstream	Saccade	Whole	55	14796	14806	10						243.22	158.08	158.08	3.11			0.61051	0.51021	0.5857100000000001	0.55935
27886	Recording042	participant09_trial02	Entire Recording	1	fullstream	Fixation	Whole	31	14806	14906	100			0.5857100000000001	0.55935	2.56149										
27887	Recording042	participant09_trial02	Entire Recording	1	fullstream	Saccade	Whole	56	14906	14926	20						181.13	180.32	180.52	6.91			0.5857100000000001	0.55935	0.50656	0.56091
27888	Recording042	participant09_trial02	Entire Recording	1	fullstream	Fixation	Whole	32	14926	15026	100			0.50656	0.56091	2.4923599999999997										
27889	Recording042	participant09_trial02	Entire Recording	1	fullstream	Saccade	Partial	57	15026	15056	30							554.93	706.31				0.50656	0.56091		
27890	Recording042	participant09_trial02	Entire Recording	1	fullstream	Saccade	Partial	58	15196	15226	30							1495.92	1495.92							
27891	Recording042	participant09_trial02	Entire Recording	1	fullstream	Saccade	Partial	59	15246	15276	30							212.06	264.73						0.48736	0.60528
27892	Recording042	participant09_trial02	Entire Recording	1	fullstream	Fixation	Whole	33	15276	15606	330			0.48736	0.60528	2.59782										
27893	Recording042	participant09_trial02	Entire Recording	1	fullstream	Saccade	Whole	60	15606	15636	30						103.87	149.78	183.81	5.1			0.48736	0.60528	0.46303	0.50675
27894	Recording042	participant09_trial02	Entire Recording	1	fullstream	Fixation	Partial	34	15636	15906	270			0.46303	0.50675	2.4851900000000002										
27895	Recording042	participant09_trial02	Entire Recording	1	fullstream	Fixation	Partial	35	15946	16026	80			0.46798	0.50549	2.40158										
27896	Recording042	participant09_trial02	Entire Recording	1	fullstream	Saccade	Whole	61	16026	16046	20						44.43	126.84	152.77	2.8			0.46798	0.50549	0.49682	0.47721
27897	Recording042	participant09_trial02	Entire Recording	1	fullstream	Fixation	Whole	36	16046	16155	110			0.49682	0.47721	2.43832										
27898	Recording042	participant09_trial02	Entire Recording	1	fullstream	Saccade	Partial	62	16155	16235	80							295.81	514.41				0.49682	0.47721		
27899	Recording042	participant09_trial02	Entire Recording	1	fullstream	Saccade	Partial	63	16305	16315	10							144.88	144.88							
27900	Recording042	participant09_trial02	Entire Recording	1	fullstream	Saccade	Partial	64	16335	16345	10							141.03	141.03						0.71654	0.43576000000000004
27901	Recording042	participant09_trial02	Entire Recording	1	fullstream	Fixation	Whole	37	16345	16445	100			0.71654	0.43576000000000004	2.49824										
27902	Recording042	participant09_trial02	Entire Recording	1	fullstream	Saccade	Whole	65	16445	16475	30						147.75	134.28	172.94	6.34			0.71654	0.43576000000000004	0.6356	0.38469000000000003
27903	Recording042	participant09_trial02	Entire Recording	1	fullstream	Fixation	Partial	38	16475	16825	350			0.6356	0.38469000000000003	2.47362										
27904	Recording042	participant09_trial02	Entire Recording	1	fullstream	Saccade	Partial	66	16955	17045	90							302.0	500.35							
27905	Recording042	participant09_trial02	Entire Recording	1	fullstream	Saccade	Partial	67	17065	17155	90							323.63	516.78							
27906	Recording042	participant09_trial02	Entire Recording	1	fullstream	Saccade	Partial	68	17165	17215	50							133.75	149.27							
27907	Recording042	participant09_trial02	Entire Recording	1	fullstream	Saccade	Partial	69	17245	17315	70							476.77	629.67							
27908	Recording042	participant09_trial02	Entire Recording	1	fullstream	Saccade	Partial	70	17335	17375	40							202.19	233.14						0.58045	0.722
27909	Recording042	participant09_trial02	Entire Recording	1	fullstream	Fixation	Whole	39	17375	17635	260			0.58045	0.722	2.49943										
27910	Recording042	participant09_trial02	Entire Recording	1	fullstream	Saccade	Whole	71	17635	17725	90						109.54	379.02	765.04	26.08			0.58045	0.722	0.4126	0.2491
27911	Recording042	participant09_trial02	Entire Recording	1	fullstream	Fixation	Partial	40	17725	18294	570			0.4126	0.2491	2.6235										
27912	Recording042	participant09_trial02	Entire Recording	1	fullstream	Saccade	Partial	72	18304	18394	90							390.99	574.04						0.88155	0.61119
27913	Recording042	participant09_trial02	Entire Recording	1	fullstream	Fixation	Whole	41	18394	18594	200			0.88155	0.61119	2.68763										
27914	Recording042	participant09_trial02	Entire Recording	1	fullstream	Saccade	Whole	73	18594	18614	20						25.15	119.64	120.59	3.08			0.88155	0.61119	0.93296	0.58705
27915	Recording042	participant09_trial02	Entire Recording	1	fullstream	Fixation	Whole	42	18614	18694	80			0.93296	0.58705	2.62797										
27916	Recording042	participant09_trial02	Entire Recording	1	fullstream	Saccade	Partial	74	18694	18734	40							451.6	570.5				0.93296	0.58705		
27917	Recording042	participant09_trial02	Entire Recording	1	fullstream	Saccade	Partial	75	18744	18804	60							406.4	572.69						0.37543000000000004	0.25193000000000004
27918	Recording042	participant09_trial02	Entire Recording	1	fullstream	Fixation	Whole	43	18804	19074	270			0.37543000000000004	0.25193000000000004	2.58371										
27919	Recording042	participant09_trial02	Entire Recording	1	fullstream	Saccade	Whole	76	19074	19104	30						4.58	148.3	194.55	10.65			0.37543000000000004	0.25193000000000004	0.50041	0.24191
27920	Recording042	participant09_trial02	Entire Recording	1	fullstream	Fixation	Whole	44	19104	20763	1659			0.50041	0.24191	2.7088900000000002										
27921	Recording042	participant09_trial02	Entire Recording	1	fullstream	Saccade	Partial	77	20763	20863	100							270.57	341.91				0.50041	0.24191		
27922	Recording042	participant09_trial02	Entire Recording	1	fullstream	Saccade	Partial	78	20883	20903	20							112.32	120.42							
27923	Recording042	participant09_trial02	Entire Recording	1	fullstream	Saccade	Partial	79	20933	20953	20							119.5	127.14						0.62805	0.5182899999999999
27924	Recording042	participant09_trial02	Entire Recording	1	fullstream	Fixation	Partial	45	20953	21382	430			0.62805	0.5182899999999999	2.67332										
27925	Recording042	participant09_trial02	Entire Recording	1	fullstream	Saccade	Partial	80	21392	21482	90							300.78	481.83							
27926	Recording042	participant09_trial02	Entire Recording	1	fullstream	Saccade	Partial	81	21492	21532	40							149.45	173.39							
27927	Recording042	participant09_trial02	Entire Recording	1	fullstream	Saccade	Partial	82	21572	21592	20							237.42	239.34							
27928	Recording042	participant09_trial02	Entire Recording	1	fullstream	Saccade	Partial	83	21632	21672	40							201.28	282.07						0.51562	0.33744
27929	Recording042	participant09_trial02	Entire Recording	1	fullstream	Fixation	Whole	46	21672	22262	590			0.51562	0.33744	2.48313										
27930	Recording042	participant09_trial02	Entire Recording	1	fullstream	Saccade	Whole	84	22262	22272	10						288.54	135.4	135.4	5.54			0.51562	0.33744	0.55176	0.44516999999999995
27931	Recording042	participant09_trial02	Entire Recording	1	fullstream	Fixation	Whole	47	22272	22502	230			0.55176	0.44516999999999995	2.4917599999999998										
27932	Recording042	participant09_trial02	Entire Recording	1	fullstream	Saccade	Partial	85	22502	22612	110							276.49	398.84				0.55176	0.44516999999999995		
27933	Recording042	participant09_trial02	Entire Recording	1	fullstream	Saccade	Partial	86	22652	22672	20							153.85	157.58						0.40557	0.31096999999999997
27934	Recording042	participant09_trial02	Entire Recording	1	fullstream	Fixation	Whole	48	22672	23001	330			0.40557	0.31096999999999997	2.5099099999999996										
27935	Recording042	participant09_trial02	Entire Recording	1	fullstream	Saccade	Whole	87	23001	23031	30						83.29	229.98	330.86	8.72			0.40557	0.31096999999999997	0.42676000000000003	0.13086
27936	Recording042	participant09_trial02	Entire Recording	1	fullstream	Fixation	Whole	49	23031	23181	150			0.42676000000000003	0.13086	2.5771										
27937	Recording042	participant09_trial02	Entire Recording	1	fullstream	Saccade	Whole	88	23181	23201	20						30.87	128.88	134.39	4.43			0.42676000000000003	0.13086	0.47785	0.10032
27938	Recording042	participant09_trial02	Entire Recording	1	fullstream	Fixation	Whole	50	23201	23371	170			0.47785	0.10032	2.64322										
27939	Recording042	participant09_trial02	Entire Recording	1	fullstream	Saccade	Whole	89	23371	23391	20						299.59	115.91	119.9	4.02			0.47785	0.10032	0.51302	0.16225
27940	Recording042	participant09_trial02	Entire Recording	1	fullstream	Fixation	Whole	51	23391	23561	170			0.51302	0.16225	2.6611700000000003										
27941	Recording042	participant09_trial02	Entire Recording	1	fullstream	Saccade	Partial	90	23561	23591	30							871.75	1129.03				0.51302	0.16225		
27942	Recording042	participant09_trial02	Entire Recording	1	fullstream	Saccade	Partial	91	23671	23701	30							408.71	549.49						0.52369	0.21716
27943	Recording042	participant09_trial02	Entire Recording	1	fullstream	Fixation	Whole	52	23701	24610	909			0.52369	0.21716	2.65925										
27944	Recording042	participant09_trial02	Entire Recording	1	fullstream	Saccade	Partial	92	24610	24640	30							883.09	1107.82				0.52369	0.21716		
27945	Recording042	participant09_trial02	Entire Recording	1	fullstream	Saccade	Partial	93	24780	24860	80							174.33	254.97							
27946	Recording042	participant09_trial02	Entire Recording	1	fullstream	Saccade	Partial	94	24890	24910	20							131.51	131.51							
27947	Recording042	participant09_trial02	Entire Recording	1	fullstream	Fixation	Partial	53	24950	25030	80			0.58395	0.5234800000000001	2.73936										
27948	Recording042	participant09_trial02	Entire Recording	1	fullstream	Saccade	Whole	95	25030	25060	30						180.22	172.9	224.92	9.79			0.58395	0.5234800000000001	0.47288	0.52391
27949	Recording042	participant09_trial02	Entire Recording	1	fullstream	Fixation	Whole	54	25060	25260	200			0.47288	0.52391	2.6535599999999997										
27950	Recording042	participant09_trial02	Entire Recording	1	fullstream	Saccade	Partial	96	25260	25390	130							302.77	497.82				0.47288	0.52391		
27951	Recording042	participant09_trial02	Entire Recording	1	fullstream	Saccade	Partial	97	25400	25420	20							148.98	176.97						0.69955	0.26527
27952	Recording042	participant09_trial02	Entire Recording	1	fullstream	Fixation	Whole	55	25420	25580	160			0.69955	0.26527	2.53674										
27953	Recording042	participant09_trial02	Entire Recording	1	fullstream	Saccade	Whole	98	25580	25670	90						217.59	374.86	652.84	25.53			0.69955	0.26527	0.42073999999999995	0.47994
27954	Recording042	participant09_trial02	Entire Recording	1	fullstream	Fixation	Whole	56	25670	26240	570			0.42073999999999995	0.47994	2.4673599999999998										
27955	Recording042	participant09_trial02	Entire Recording	1	fullstream	Saccade	Whole	99	26240	26259	20						23.68	114.0	123.7	5.75			0.42073999999999995	0.47994	0.48393	0.45223
27956	Recording042	participant09_trial02	Entire Recording	1	fullstream	Fixation	Whole	57	26259	26359	100			0.48393	0.45223	2.4931										
27957	Recording042	participant09_trial02	Entire Recording	1	fullstream	Saccade	Partial	100	26359	26469	110							316.75	532.76				0.48393	0.45223		
27958	Recording042	participant09_trial02	Entire Recording	1	fullstream	Saccade	Partial	101	26499	26549	50							126.23	150.26							
27959	Recording042	participant09_trial02	Entire Recording	1	fullstream	Saccade	Partial	102	26559	26599	40							154.75	186.79						0.67213	0.49661000000000005
27960	Recording042	participant09_trial02	Entire Recording	1	fullstream	Fixation	Whole	58	26599	27129	530			0.67213	0.49661000000000005	2.52637										
27961	Recording042	participant09_trial02	Entire Recording	1	fullstream	Saccade	Partial	103	27129	27189	60							371.32	561.59				0.67213	0.49661000000000005		
27962	Recording042	participant09_trial02	Entire Recording	1	fullstream	Saccade	Partial	104	27369	27389	20							326.92	349.82							
27963	Recording042	participant09_trial02	Entire Recording	1	fullstream	Saccade	Partial	105	27429	27449	20							144.54	159.86							
27964	Recording042	participant09_trial02	Entire Recording	1	fullstream	Saccade	Partial	106	27469	27489	20							112.25	112.88							
27965	Recording042	participant09_trial02	Entire Recording	1	fullstream	Saccade	Partial	107	27509	27539	30							145.93	176.1						0.4128	0.23823000000000003
27966	Recording042	participant09_trial02	Entire Recording	1	fullstream	Fixation	Whole	59	27539	27699	160			0.4128	0.23823000000000003	2.64419										
27967	Recording042	participant09_trial02	Entire Recording	1	fullstream	Saccade	Whole	108	27699	27709	10						294.03	117.9	117.9	8.65			0.4128	0.23823000000000003	0.47623999999999994	0.38054
27968	Recording042	participant09_trial02	Entire Recording	1	fullstream	Fixation	Whole	60	27709	29478	1769			0.47623999999999994	0.38054	2.56471										
27969	Recording042	participant09_trial02	Entire Recording	1	fullstream	Saccade	Partial	109	29478	29498	20							116.63	116.63				0.47623999999999994	0.38054		
27970	Recording042	participant09_trial02	Entire Recording	1	fullstream	Saccade	Partial	110	29657	29717	60							173.66	230.17							
27971	Recording042	participant09_trial02	Entire Recording	1	fullstream	Saccade	Partial	111	29727	29757	30							114.61	124.88						0.5967600000000001	0.63358
27972	Recording042	participant09_trial02	Entire Recording	1	fullstream	Fixation	Whole	61	29757	29917	160			0.5967600000000001	0.63358	2.5952599999999997										
27973	Recording042	participant09_trial02	Entire Recording	1	fullstream	Saccade	Whole	112	29917	29947	30						155.54	144.77	189.95	9.04			0.5967600000000001	0.63358	0.49665	0.58803
27974	Recording042	participant09_trial02	Entire Recording	1	fullstream	Fixation	Whole	62	29947	30227	280			0.49665	0.58803	2.5642099999999997										
27975	Recording042	participant09_trial02	Entire Recording	1	fullstream	Saccade	Partial	113	30227	30247	20							121.11	136.26				0.49665	0.58803		
27976	Recording042	participant09_trial02	Entire Recording	1	fullstream	Saccade	Partial	114	30307	30417	110							310.52	574.84							
27977	Recording042	participant09_trial02	Entire Recording	1	fullstream	Saccade	Partial	115	30427	30457	30							159.75	174.75							
27978	Recording042	participant09_trial02	Entire Recording	1	fullstream	Saccade	Partial	116	30487	30497	10							109.03	109.03						0.63066	0.15667999999999999
27979	Recording042	participant09_trial02	Entire Recording	1	fullstream	Fixation	Whole	63	30497	31057	560			0.63066	0.15667999999999999	2.56312										
27980	Recording042	participant09_trial02	Entire Recording	1	fullstream	Saccade	Partial	117	31057	31107	50							441.86	726.92				0.63066	0.15667999999999999		
27981	Recording042	participant09_trial02	Entire Recording	1	fullstream	Saccade	Partial	118	31257	31277	20							231.27	231.27							
27982	Recording042	participant09_trial02	Entire Recording	1	fullstream	Saccade	Partial	119	31297	31316	20							138.99	172.97							
27983	Recording042	participant09_trial02	Entire Recording	1	fullstream	Saccade	Partial	120	31336	31396	60							157.76	246.75						0.3905	0.39525
27984	Recording042	participant09_trial02	Entire Recording	1	fullstream	Fixation	Whole	64	31396	31656	260			0.3905	0.39525	2.64824										
27985	Recording042	participant09_trial02	Entire Recording	1	fullstream	Saccade	Whole	121	31656	31696	40						70.2	162.88	208.82	5.41			0.3905	0.39525	0.42366000000000004	0.30314
27986	Recording042	participant09_trial02	Entire Recording	1	fullstream	Fixation	Whole	65	31696	31986	290			0.42366000000000004	0.30314	2.61685										
27987	Recording042	participant09_trial02	Entire Recording	1	fullstream	Saccade	Whole	122	31986	32006	20						288.09	164.69	170.07	8.54			0.42366000000000004	0.30314	0.47263	0.45307
27988	Recording042	participant09_trial02	Entire Recording	1	fullstream	Fixation	Whole	66	32006	32596	590			0.47263	0.45307	2.60407										
27989	Recording042	participant09_trial02	Entire Recording	1	fullstream	Saccade	Whole	123	32596	32606	10						282.99	141.45	141.45	4.17			0.47263	0.45307	0.48983999999999994	0.52768
27990	Recording042	participant09_trial02	Entire Recording	1	fullstream	Fixation	Whole	67	32606	32716	110			0.48983999999999994	0.52768	2.6817										
27991	Recording042	participant09_trial02	Entire Recording	1	fullstream	Saccade	Whole	124	32716	32756	40						66.69	168.49	208.7	7.56			0.48983999999999994	0.52768	0.53923	0.41303
27992	Recording042	participant09_trial02	Entire Recording	1	fullstream	Fixation	Whole	68	32756	32876	120			0.53923	0.41303	2.7290400000000004										
27993	Recording042	participant09_trial02	Entire Recording	1	fullstream	Saccade	Whole	125	32876	32886	10						48.89	165.26	165.26	3.4			0.53923	0.41303	0.57199	0.37548000000000004
27994	Recording042	participant09_trial02	Entire Recording	1	fullstream	Fixation	Whole	69	32886	33006	120			0.57199	0.37548000000000004	2.73996										
27995	Recording042	participant09_trial02	Entire Recording	1	fullstream	Saccade	Whole	126	33006	33025	20						142.58	152.41	168.96	5.6			0.57199	0.37548000000000004	0.51061	0.32850999999999997
27996	Recording042	participant09_trial02	Entire Recording	1	fullstream	Fixation	Whole	70	33025	33305	280			0.51061	0.32850999999999997	2.66077										
27997	Recording042	participant09_trial02	Entire Recording	1	fullstream	Saccade	Whole	127	33305	33325	20						271.06	161.25	174.76	4.45			0.51061	0.32850999999999997	0.5123300000000001	0.4216
27998	Recording042	participant09_trial02	Entire Recording	1	fullstream	Fixation	Whole	71	33325	33595	270			0.5123300000000001	0.4216	2.66946										
27999	Recording042	participant09_trial02	Entire Recording	1	fullstream	Saccade	Whole	128	33595	33605	10						234.52	110.2	110.2	7.08			0.5123300000000001	0.4216	0.44961999999999996	0.50958
28000	Recording042	participant09_trial02	Entire Recording	1	fullstream	Fixation	Whole	72	33605	33975	370			0.44961999999999996	0.50958	2.66039										
28001	Recording042	participant09_trial02	Entire Recording	1	fullstream	Saccade	Whole	129	33975	34005	30						79.03	201.03	233.9	5.41			0.44961999999999996	0.50958	0.46936000000000005	0.40773000000000004
28002	Recording042	participant09_trial02	Entire Recording	1	fullstream	Fixation	Whole	73	34005	35344	1339			0.46936000000000005	0.40773000000000004	2.61748										
28003	Recording042	participant09_trial02	Entire Recording	1	fullstream	Saccade	Partial	130	35344	35364	20							136.89	136.89				0.46936000000000005	0.40773000000000004		
28004	Recording042	participant09_trial02	Entire Recording	1	fullstream	Saccade	Partial	131	35384	35464	80							278.81	399.14							
28005	Recording042	participant09_trial02	Entire Recording	1	fullstream	Saccade	Partial	132	35504	35524	20							130.13	156.58							
28006	Recording042	participant09_trial02	Entire Recording	1	fullstream	Saccade	Partial	133	35544	35554	10							147.16	147.16							
28007	Recording042	participant09_trial02	Entire Recording	1	fullstream	Saccade	Partial	134	35584	35594	10							121.48	121.48						0.57253	0.5417
28008	Recording042	participant09_trial02	Entire Recording	1	fullstream	Fixation	Whole	74	35594	36104	510			0.57253	0.5417	2.51937										
28009	Recording042	participant09_trial02	Entire Recording	1	fullstream	Saccade	Whole	135	36104	36124	20						147.55	133.82	140.41	10.8			0.57253	0.5417	0.45623	0.46776999999999996
28010	Recording042	participant09_trial02	Entire Recording	1	fullstream	Fixation	Whole	75	36124	36713	590			0.45623	0.46776999999999996	2.44183										
28011	Recording042	participant09_trial02	Entire Recording	1	fullstream	Saccade	Partial	136	36713	36813	100							320.61	485.29				0.45623	0.46776999999999996		
28012	Recording042	participant09_trial02	Entire Recording	1	fullstream	Saccade	Partial	137	36863	36923	60							222.92	437.2							
28013	Recording042	participant09_trial02	Entire Recording	1	fullstream	Saccade	Partial	138	36973	36983	10							103.92	103.92						0.6428699999999999	0.37566
28014	Recording042	participant09_trial02	Entire Recording	1	fullstream	Fixation	Whole	76	36983	37433	450			0.6428699999999999	0.37566	2.47317										
28015	Recording042	participant09_trial02	Entire Recording	1	fullstream	Saccade	Whole	139	37433	37453	20						228.13	160.1	189.9	5.16			0.6428699999999999	0.37566	0.58954	0.43516000000000005
28016	Recording042	participant09_trial02	Entire Recording	1	fullstream	Fixation	Whole	77	37453	37743	290			0.58954	0.43516000000000005	2.48437										
28017	Recording042	participant09_trial02	Entire Recording	1	fullstream	Saccade	Partial	140	37743	37863	120							302.86	493.61				0.58954	0.43516000000000005		
28018	Recording042	participant09_trial02	Entire Recording	1	fullstream	Saccade	Partial	141	37903	37933	30							134.87	143.49							
28019	Recording042	participant09_trial02	Entire Recording	1	fullstream	Saccade	Partial	142	37953	37973	20							160.2	173.62							
28020	Recording042	participant09_trial02	Entire Recording	1	fullstream	Saccade	Partial	143	37993	38003	10							119.54	119.54							
28021	Recording042	participant09_trial02	Entire Recording	1	fullstream	Saccade	Partial	144	38043	38053	10							102.81	102.81							
28022	Recording042	participant09_trial02	Entire Recording	1	fullstream	Saccade	Partial	145	38102	38112	10							107.92	107.92						0.35274	0.25163
28023	Recording042	participant09_trial02	Entire Recording	1	fullstream	Fixation	Whole	78	38112	38232	120			0.35274	0.25163	2.47782										
28024	Recording042	participant09_trial02	Entire Recording	1	fullstream	Saccade	Whole	146	38232	38272	40						316.53	186.37	264.33	11.65			0.35274	0.25163	0.47348	0.36609
28025	Recording042	participant09_trial02	Entire Recording	1	fullstream	Fixation	Whole	79	38272	38522	250			0.47348	0.36609	2.52339										
28026	Recording042	participant09_trial02	Entire Recording	1	fullstream	Saccade	Whole	147	38522	38552	30						195.75	200.79	293.25	3.55			0.47348	0.36609	0.43383	0.37727
28027	Recording042	participant09_trial02	Entire Recording	1	fullstream	Fixation	Whole	80	38552	38982	430			0.43383	0.37727	2.63709										
28028	Recording042	participant09_trial02	Entire Recording	1	fullstream	Saccade	Whole	148	38982	39002	20						61.59	159.44	162.27	6.45			0.43383	0.37727	0.48423999999999995	0.28406
28029	Recording042	participant09_trial02	Entire Recording	1	fullstream	Fixation	Whole	81	39002	39322	320			0.48423999999999995	0.28406	2.68894										
28030	Recording042	participant09_trial02	Entire Recording	1	fullstream	Saccade	Whole	149	39322	39352	30						272.35	218.9	283.39	6.18			0.48423999999999995	0.28406	0.48933000000000004	0.40813
28031	Recording042	participant09_trial02	Entire Recording	1	fullstream	Fixation	Whole	82	39352	39821	470			0.48933000000000004	0.40813	2.65005										
28032	Recording042	participant09_trial02	Entire Recording	1	fullstream	Saccade	Whole	150	39821	39831	10						338.65	105.1	105.1	0.96			0.48933000000000004	0.40813	0.50012	0.41235
28033	Recording042	participant09_trial02	Entire Recording	1	fullstream	Fixation	Whole	83	39831	40101	270			0.50012	0.41235	2.72522										
28034	Recording042	participant09_trial02	Entire Recording	1	fullstream	Saccade	Whole	151	40101	40141	40						91.58	204.34	275.61	8.31			0.50012	0.41235	0.49531000000000003	0.23792
28035	Recording042	participant09_trial02	Entire Recording	1	fullstream	Fixation	Whole	84	40141	40281	140			0.49531000000000003	0.23792	2.7678700000000003										
28036	Recording042	participant09_trial02	Entire Recording	1	fullstream	Saccade	Whole	152	40281	40291	10						169.86	132.29	132.29	3.16			0.49531000000000003	0.23792	0.45911	0.23144
28037	Recording042	participant09_trial02	Entire Recording	1	fullstream	Fixation	Whole	85	40291	40441	150			0.45911	0.23144	2.80058										
28038	Recording042	participant09_trial02	Entire Recording	1	fullstream	Saccade	Whole	153	40441	40461	20						337.61	167.57	185.0	4.99			0.45911	0.23144	0.51578	0.25479
28039	Recording042	participant09_trial02	Entire Recording	1	fullstream	Fixation	Whole	86	40461	40761	300			0.51578	0.25479	2.69182										
28040	Recording042	participant09_trial02	Entire Recording	1	fullstream	Saccade	Whole	154	40761	40801	40						245.52	227.46	326.9	8.49			0.51578	0.25479	0.45358000000000004	0.39138
28041	Recording042	participant09_trial02	Entire Recording	1	fullstream	Fixation	Whole	87	40801	41121	320			0.45358000000000004	0.39138	2.6982										
28042	Recording042	participant09_trial02	Entire Recording	1	fullstream	Saccade	Whole	155	41121	41141	20						328.91	108.76	110.35	5.71			0.45358000000000004	0.39138	0.5145	0.42811000000000005
28043	Recording042	participant09_trial02	Entire Recording	1	fullstream	Fixation	Partial	88	41141	42190	1049			0.5145	0.42811000000000005	2.7108										
28044	Recording042	participant09_trial02	Entire Recording	1	fullstream	Saccade	Partial	156	42320	42350	30							281.64	354.19							
28045	Recording042	participant09_trial02	Entire Recording	1	fullstream	Saccade	Partial	157	42380	42390	10							101.57	101.57						0.66725	0.59149
28046	Recording042	participant09_trial02	Entire Recording	1	fullstream	Fixation	Whole	89	42390	42510	120			0.66725	0.59149	2.7436599999999998										
28047	Recording042	participant09_trial02	Entire Recording	1	fullstream	Saccade	Whole	158	42510	42540	30						181.55	137.5	160.3	11.71			0.66725	0.59149	0.52949	0.59521
28048	Recording042	participant09_trial02	Entire Recording	1	fullstream	Fixation	Whole	90	42540	42790	250			0.52949	0.59521	2.6631299999999998										
28049	Recording042	participant09_trial02	Entire Recording	1	fullstream	Saccade	Whole	159	42790	42890	100						62.92	309.94	450.81	25.0			0.52949	0.59521	0.73426	0.19464
28050	Recording042	participant09_trial02	Entire Recording	1	fullstream	Fixation	Partial	91	42890	43179	290			0.73426	0.19464	2.5962										
28051	Recording042	participant09_trial02	Entire Recording	1	fullstream	Fixation	Partial	92	43189	43289	100			0.71732	0.21608000000000002	2.53401										
28052	Recording042	participant09_trial02	Entire Recording	1	fullstream	Saccade	Partial	160	43289	43309	20							124.68	127.7				0.71732	0.21608000000000002		
28053	Recording042	participant09_trial02	Entire Recording	1	fullstream	Saccade	Partial	161	43339	43379	40							157.69	215.78						0.5722	0.19695
28054	Recording042	participant09_trial02	Entire Recording	1	fullstream	Fixation	Partial	93	43379	43499	120			0.5722	0.19695	2.57954										
28055	Recording042	participant09_trial02	Entire Recording	1	fullstream	Fixation	Partial	94	43509	43949	440			0.63958	0.23926999999999998	2.55064										
28056	Recording042	participant09_trial02	Entire Recording	1	fullstream	Saccade	Partial	162	43949	44059	110							309.76	378.23				0.63958	0.23926999999999998		
28057	Recording042	participant09_trial02	Entire Recording	1	fullstream	Saccade	Partial	163	44099	44139	40							113.39	120.75						0.42846999999999996	0.59239
28058	Recording042	participant09_trial02	Entire Recording	1	fullstream	Fixation	Whole	95	44139	44269	130			0.42846999999999996	0.59239	2.4824										
28059	Recording042	participant09_trial02	Entire Recording	1	fullstream	Saccade	Partial	164	44269	44359	90							296.53	396.1				0.42846999999999996	0.59239		
28060	Recording042	participant09_trial02	Entire Recording	1	fullstream	Saccade	Partial	165	44449	44479	30							389.61	479.53							
28061	Recording042	participant09_trial02	Entire Recording	1	fullstream	Saccade	Partial	166	44499	44519	20							327.91	327.91							
28062	Recording042	participant09_trial02	Entire Recording	1	fullstream	Fixation	Partial	96	44579	44699	120			0.34305	0.33931	2.5082										
28063	Recording042	participant09_trial02	Entire Recording	1	fullstream	Saccade	Partial	167	44838	44878	40							184.36	247.07						0.50526	0.5078199999999999
28064	Recording042	participant09_trial02	Entire Recording	1	fullstream	Fixation	Whole	97	44878	45048	170			0.50526	0.5078199999999999	2.44748										
28065	Recording042	participant09_trial02	Entire Recording	1	fullstream	Saccade	Whole	168	45048	45068	20						70.34	130.77	133.31	4.1			0.50526	0.5078199999999999	0.5283100000000001	0.44328
28066	Recording042	participant09_trial02	Entire Recording	1	fullstream	Fixation	Whole	98	45068	45268	200			0.5283100000000001	0.44328	2.53655										
28067	Recording042	participant09_trial02	Entire Recording	1	fullstream	Saccade	Whole	169	45268	45278	10						117.57	126.3	126.3	2.38			0.5283100000000001	0.44328	0.50968	0.40759
28068	Recording042	participant09_trial02	Entire Recording	1	fullstream	Fixation	Whole	99	45278	45458	180			0.50968	0.40759	2.58399										
28069	Recording042	participant09_trial02	Entire Recording	1	fullstream	Saccade	Whole	170	45458	45478	20						282.88	169.85	177.65	4.92			0.50968	0.40759	0.53118	0.50162
28070	Recording042	participant09_trial02	Entire Recording	1	fullstream	Fixation	Partial	100	45478	45928	450			0.53118	0.50162	2.58469										
28071	Recording042	participant09_trial02	Entire Recording	1	fullstream	Fixation	Partial	101	46018	46088	70			0.54657	0.52835	2.64652										
28072	Recording042	participant09_trial02	Entire Recording	1	fullstream	Saccade	Partial	171	46088	46128	40							114.73	127.8				0.54657	0.52835		
28073	Recording042	participant09_trial02	Entire Recording	1	fullstream	Fixation	Partial	102	46148	46278	130			0.59007	0.51348	2.68688										
28074	Recording042	participant09_trial02	Entire Recording	1	fullstream	Saccade	Whole	172	46278	46308	30						202.47	116.79	144.66	6.73			0.59007	0.51348	0.5159600000000001	0.54414
28075	Recording042	participant09_trial02	Entire Recording	1	fullstream	Fixation	Whole	103	46308	46458	150			0.5159600000000001	0.54414	2.64451										
28076	Recording042	participant09_trial02	Entire Recording	1	fullstream	Saccade	Whole	173	46458	46478	20						168.75	114.54	129.05	5.16			0.5159600000000001	0.54414	0.45883999999999997	0.53278
28077	Recording042	participant09_trial02	Entire Recording	1	fullstream	Fixation	Whole	104	46478	46657	180			0.45883999999999997	0.53278	2.6970099999999997										
28078	Recording042	participant09_trial02	Entire Recording	1	fullstream	Saccade	Partial	174	46657	46697	40							156.28	193.03				0.45883999999999997	0.53278		
28079	Recording042	participant09_trial02	Entire Recording	1	fullstream	Fixation	Partial	105	46717	47907	1189			0.46553999999999995	0.4507	2.69296										
28080	Recording042	participant09_trial02	Entire Recording	1	fullstream	Fixation	Partial	106	47927	48546	620			0.46448	0.44167	2.5912										
28081	Recording042	participant09_trial02	Entire Recording	1	fullstream	Saccade	Partial	175	48546	48576	30							1279.39	1618.88				0.46448	0.44167		
28082	Recording042	participant09_trial02	Entire Recording	1	fullstream	Saccade	Partial	176	48726	48766	40							497.76	781.47						0.64342	0.67084
28083	Recording042	participant09_trial02	Entire Recording	1	fullstream	Fixation	Whole	107	48766	48836	70			0.64342	0.67084	2.72769										
28084	Recording042	participant09_trial02	Entire Recording	1	fullstream	Saccade	Whole	177	48836	48846	10						112.32	100.19	100.19	5.67			0.64342	0.67084	0.59709	0.55798
28085	Recording042	participant09_trial02	Entire Recording	1	fullstream	Fixation	Whole	108	48846	49006	160			0.59709	0.55798	2.6643										
28086	Recording042	participant09_trial02	Entire Recording	1	fullstream	Saccade	Whole	178	49006	49036	30						168.47	161.73	202.3	9.93			0.59709	0.55798	0.48458999999999997	0.53503
28087	Recording042	participant09_trial02	Entire Recording	1	fullstream	Fixation	Whole	109	49036	49506	470			0.48458999999999997	0.53503	2.4940599999999997										
28088	Recording042	participant09_trial02	Entire Recording	1	fullstream	Saccade	Whole	179	49506	49516	10						208.63	113.43	113.43	3.75			0.48458999999999997	0.53503	0.44256	0.55797
28089	Recording042	participant09_trial02	Entire Recording	1	fullstream	Fixation	Whole	110	49516	49696	180			0.44256	0.55797	2.5687599999999997										
28090	Recording042	participant09_trial02	Entire Recording	1	fullstream	Saccade	Whole	180	49696	49716	20						28.68	143.02	161.14	3.83			0.44256	0.55797	0.48491999999999996	0.5348
28091	Recording042	participant09_trial02	Entire Recording	1	fullstream	Fixation	Partial	111	49716	49826	110			0.48491999999999996	0.5348	2.42861										
28092	Recording042	participant09_trial02	Entire Recording	1	fullstream	Fixation	Partial	112	49846	50065	220			0.46434	0.5241399999999999	2.4338										
28093	Recording042	participant09_trial02	Entire Recording	1	fullstream	Saccade	Whole	181	50065	50075	10						95.18	120.78	120.78	4.15			0.46434	0.5241399999999999	0.45648	0.43749
28094	Recording042	participant09_trial02	Entire Recording	1	fullstream	Fixation	Whole	113	50075	50255	180			0.45648	0.43749	2.49533										
28095	Recording042	participant09_trial02	Entire Recording	1	fullstream	Saccade	Whole	182	50255	50275	20						201.94	134.01	154.71	4.04			0.45648	0.43749	0.41211000000000003	0.45536000000000004
28096	Recording042	participant09_trial02	Entire Recording	1	fullstream	Fixation	Whole	114	50275	50385	110			0.41211000000000003	0.45536000000000004	2.43072										
28097	Recording042	participant09_trial02	Entire Recording	1	fullstream	Saccade	Partial	183	50385	50405	20							209.62	209.62				0.41211000000000003	0.45536000000000004		
28098	Recording042	participant09_trial02	Entire Recording	1	fullstream	Saccade	Partial	184	50445	50475	30							341.43	341.43							
28099	Recording042	participant09_trial02	Entire Recording	1	fullstream	Saccade	Partial	185	50495	50525	30							215.65	252.64							
28100	Recording042	participant09_trial02	Entire Recording	1	fullstream	Saccade	Partial	186	50545	50555	10							101.82	101.82						0.70775	0.33161
28101	Recording042	participant09_trial02	Entire Recording	1	fullstream	Fixation	Whole	115	50555	50655	100			0.70775	0.33161	2.524										
28102	Recording042	participant09_trial02	Entire Recording	1	fullstream	Saccade	Partial	187	50655	50695	40							239.31	349.04				0.70775	0.33161		
28103	Recording042	participant09_trial02	Entire Recording	1	fullstream	Saccade	Partial	188	50745	50765	20							168.29	168.29							
28104	Recording042	participant09_trial02	Entire Recording	1	fullstream	Fixation	Partial	116	50845	51105	260			0.60658	0.6248600000000001	2.43859										
28105	Recording042	participant09_trial02	Entire Recording	1	fullstream	Saccade	Partial	189	51145	51165	20							274.99	274.99						0.64676	0.57352
28106	Recording042	participant09_trial02	Entire Recording	1	fullstream	Fixation	Whole	117	51165	51335	170			0.64676	0.57352	2.4698										
28107	Recording042	participant09_trial02	Entire Recording	1	fullstream	Saccade	Partial	190	51335	51375	40							764.36	1205.17				0.64676	0.57352		
28108	Recording042	participant09_trial02	Entire Recording	1	fullstream	Saccade	Partial	191	51584	51614	30							504.65	504.65							
28109	Recording042	participant09_trial02	Entire Recording	1	fullstream	Saccade	Partial	192	51654	51674	20							313.6	313.6							
28110	Recording042	participant09_trial02	Entire Recording	1	fullstream	Saccade	Partial	193	51684	51724	40							119.36	142.92						0.2669	0.31744
28111	Recording042	participant09_trial02	Entire Recording	1	fullstream	Fixation	Partial	118	51724	51794	70			0.2669	0.31744	2.53595										
28112	Recording042	participant09_trial02	Entire Recording	1	fullstream	Saccade	Partial	194	51864	51884	20							124.61	124.61							
28113	Recording042	participant09_trial02	Entire Recording	1	fullstream	Fixation	Partial	119	51944	52944	999			0.4801	0.37117	2.53493										
28114	Recording042	participant09_trial02	Entire Recording	1	fullstream	Fixation	Partial	120	53064	53184	120			0.45098	0.39515	2.5415099999999997										
28115	Recording042	participant09_trial02	Entire Recording	1	fullstream	Saccade	Partial	195	53184	53313	130							256.88	468.86				0.45098	0.39515		
28116	Recording042	participant09_trial02	Entire Recording	1	fullstream	Saccade	Partial	196	53333	53383	50							128.86	164.8							
28117	Recording042	participant09_trial02	Entire Recording	1	fullstream	Saccade	Partial	197	53413	53433	20							117.09	122.48						0.55595	0.63865
28118	Recording042	participant09_trial02	Entire Recording	1	fullstream	Fixation	Whole	121	53433	53613	180			0.55595	0.63865	2.4656599999999997										
28119	Recording042	participant09_trial02	Entire Recording	1	fullstream	Saccade	Whole	198	53613	53643	30						141.28	143.74	175.06	6.39			0.55595	0.63865	0.49306000000000005	0.58823
28120	Recording042	participant09_trial02	Entire Recording	1	fullstream	Fixation	Whole	122	53643	53723	80			0.49306000000000005	0.58823	2.59286										
28121	Recording042	participant09_trial02	Entire Recording	1	fullstream	Saccade	Partial	199	53723	53753	30							414.17	501.85				0.49306000000000005	0.58823		
28122	Recording042	participant09_trial02	Entire Recording	1	fullstream	Saccade	Partial	200	53953	53963	10							218.73	218.73						0.67582	0.23225
28123	Recording042	participant09_trial02	Entire Recording	1	fullstream	Fixation	Whole	123	53963	54453	490			0.67582	0.23225	2.5661400000000003										
28124	Recording042	participant09_trial02	Entire Recording	1	fullstream	Saccade	Whole	201	54453	54533	80						239.83	326.35	457.19	25.87			0.67582	0.23225	0.45826000000000006	0.60653
28125	Recording042	participant09_trial02	Entire Recording	1	fullstream	Fixation	Whole	124	54533	54793	260			0.45826000000000006	0.60653	2.45955										
28126	Recording042	participant09_trial02	Entire Recording	1	fullstream	Saccade	Whole	202	54793	54813	20						37.8	140.26	145.61	1.4			0.45826000000000006	0.60653	0.47152	0.59625
28127	Recording042	participant09_trial02	Entire Recording	1	fullstream	Fixation	Partial	125	54813	54943	130			0.47152	0.59625	2.51574										
28128	Recording042	participant09_trial02	Entire Recording	1	fullstream	Fixation	Partial	126	54962	55112	150			0.50056	0.5888399999999999	2.46563										
28129	Recording042	participant09_trial02	Entire Recording	1	fullstream	Saccade	Partial	203	55112	55132	20							243.75	322.03				0.50056	0.5888399999999999		
28130	Recording042	participant09_trial02	Entire Recording	1	fullstream	Fixation	Partial	127	55302	55542	240			0.50526	0.7692399999999999	2.64203										
28131	Recording042	participant09_trial02	Entire Recording	1	fullstream	Saccade	Whole	204	55542	55552	10						90.49	101.95	101.95	3.78			0.50526	0.7692399999999999	0.50461	0.69289
28132	Recording042	participant09_trial02	Entire Recording	1	fullstream	Fixation	Whole	128	55552	55882	330			0.50461	0.69289	2.5654										
28133	Recording042	participant09_trial02	Entire Recording	1	fullstream	Saccade	Partial	205	55882	55902	20							324.86	324.86				0.50461	0.69289		
28134	Recording042	participant09_trial02	Entire Recording	1	fullstream	Saccade	Partial	206	56012	56052	40							341.51	542.98							
28135	Recording042	participant09_trial02	Entire Recording	1	fullstream	Saccade	Partial	207	56072	56092	20							105.84	106.2						0.35395	0.30895
28136	Recording042	participant09_trial02	Entire Recording	1	fullstream	Fixation	Whole	129	56092	56232	140			0.35395	0.30895	2.5849599999999997										
28137	Recording042	participant09_trial02	Entire Recording	1	fullstream	Saccade	Whole	208	56232	56262	30						35.47	125.23	158.99	7.12			0.35395	0.30895	0.43196	0.25338
28138	Recording042	participant09_trial02	Entire Recording	1	fullstream	Fixation	Whole	130	56262	56442	180			0.43196	0.25338	2.6478200000000003										
28139	Recording042	participant09_trial02	Entire Recording	1	fullstream	Saccade	Partial	209	56442	56462	20							117.03	117.03				0.43196	0.25338		
28140	Recording042	participant09_trial02	Entire Recording	1	fullstream	Saccade	Partial	210	56612	56631	20							131.86	141.49						0.42527	0.24239000000000002
28141	Recording042	participant09_trial02	Entire Recording	1	fullstream	Fixation	Whole	131	56631	56861	230			0.42527	0.24239000000000002	2.57518										
28142	Recording042	participant09_trial02	Entire Recording	1	fullstream	Saccade	Whole	211	56861	56901	40						316.26	242.73	351.03	9.36			0.42527	0.24239000000000002	0.5203800000000001	0.33339
28143	Recording042	participant09_trial02	Entire Recording	1	fullstream	Fixation	Whole	132	56901	57081	180			0.5203800000000001	0.33339	2.60378										
28144	Recording042	participant09_trial02	Entire Recording	1	fullstream	Saccade	Whole	212	57081	57101	20						225.61	139.2	144.52	6.13			0.5203800000000001	0.33339	0.45921999999999996	0.39587
28145	Recording042	participant09_trial02	Entire Recording	1	fullstream	Fixation	Whole	133	57101	57201	100			0.45921999999999996	0.39587	2.6392900000000004										
28146	Recording042	participant09_trial02	Entire Recording	1	fullstream	Saccade	Whole	213	57201	57211	10						166.96	146.01	146.01	4.11			0.45921999999999996	0.39587	0.41301000000000004	0.38516999999999996
28147	Recording042	participant09_trial02	Entire Recording	1	fullstream	Fixation	Partial	134	57211	57501	290			0.41301000000000004	0.38516999999999996	2.67116										
28148	Recording042	participant09_trial02	Entire Recording	1	fullstream	Fixation	Partial	135	57661	57861	200			0.44456999999999997	0.33782	2.67022										
28149	Recording042	participant09_trial02	Entire Recording	1	fullstream	Saccade	Whole	214	57861	57871	10						247.61	107.22	107.22	2.71			0.44456999999999997	0.33782	0.42446000000000006	0.38666
28150	Recording042	participant09_trial02	Entire Recording	1	fullstream	Fixation	Whole	136	57871	58021	150			0.42446000000000006	0.38666	2.60609										
28151	Recording042	participant09_trial02	Entire Recording	1	fullstream	Saccade	Whole	215	58021	58041	20						53.85	129.94	142.59	3.36			0.42446000000000006	0.38666	0.45751000000000003	0.34141
28152	Recording042	participant09_trial02	Entire Recording	1	fullstream	Fixation	Partial	137	58041	58141	100			0.45751000000000003	0.34141	2.59602										
28153	Recording042	participant09_trial02	Entire Recording	1	fullstream	Fixation	Partial	138	58161	58300	140			0.44368	0.35794000000000004	2.6013599999999997										
28154	Recording042	participant09_trial02	Entire Recording	1	fullstream	Fixation	Partial	139	58460	58570	110			0.45185	0.32475	2.64831										
28155	Recording042	participant09_trial02	Entire Recording	1	fullstream	Saccade	Whole	216	58570	58590	20						257.63	129.09	152.55	3.49			0.45185	0.32475	0.43791	0.38832
28156	Recording042	participant09_trial02	Entire Recording	1	fullstream	Fixation	Whole	140	58590	58740	150			0.43791	0.38832	2.612										
28157	Recording042	participant09_trial02	Entire Recording	1	fullstream	Saccade	Whole	217	58740	58780	40						103.27	229.14	277.83	10.88			0.43791	0.38832	0.3885	0.17883
28158	Recording042	participant09_trial02	Entire Recording	1	fullstream	Fixation	Whole	141	58780	58970	190			0.3885	0.17883	2.63184										
28159	Recording042	participant09_trial02	Entire Recording	1	fullstream	Saccade	Whole	218	58970	58980	10						222.46	122.67	122.67	1.72			0.3885	0.17883	0.36995	0.1958
28160	Recording042	participant09_trial02	Entire Recording	1	fullstream	Fixation	Whole	142	58980	59100	120			0.36995	0.1958	2.6135599999999997										
28161	Recording042	participant09_trial02	Entire Recording	1	fullstream	Saccade	Whole	219	59100	59110	10						274.55	162.96	162.96	3.57			0.36995	0.1958	0.37629	0.27543
28162	Recording042	participant09_trial02	Entire Recording	1	fullstream	Fixation	Partial	143	59110	59240	130			0.37629	0.27543	2.5756099999999997										
28163	Recording042	participant09_trial02	Entire Recording	1	fullstream	Fixation	Partial	144	59340	59420	80			0.41786	0.28968	2.57645										
28164	Recording042	participant09_trial02	Entire Recording	1	fullstream	Saccade	Whole	220	59420	59430	10						271.75	153.41	153.41	3.44			0.41786	0.28968	0.41996999999999995	0.3586
28165	Recording042	participant09_trial02	Entire Recording	1	fullstream	Fixation	Partial	145	59430	59640	210			0.41996999999999995	0.3586	2.5926299999999998										
28166	Recording042	participant09_trial02	Entire Recording	1	fullstream	Fixation	Partial	146	59740	59810	70			0.4573	0.3615	2.69484										
28167	Recording042	participant09_trial02	Entire Recording	1	fullstream	Saccade	Whole	221	59810	59830	20						352.2	160.68	170.93	4.72			0.4573	0.3615	0.51073	0.36882
28168	Recording042	participant09_trial02	Entire Recording	1	fullstream	Fixation	Whole	147	59830	59990	160			0.51073	0.36882	2.68591										
28169	Recording042	participant09_trial02	Entire Recording	1	fullstream	Saccade	Whole	222	59990	60000	10						245.1	100.11	100.11	2.92			0.51073	0.36882	0.48936999999999997	0.41483000000000003
28170	Recording042	participant09_trial02	Entire Recording	1	fullstream	Fixation	Whole	148	60000	60099	100			0.48936999999999997	0.41483000000000003	2.68178										
28171	Recording042	participant09_trial02	Entire Recording	1	fullstream	Saccade	Partial	223	60099	60129	30							263.15	328.82				0.48936999999999997	0.41483000000000003		
28172	Recording042	participant09_trial02	Entire Recording	1	fullstream	Fixation	Partial	149	60319	60939	620			0.42293000000000003	0.33038	2.66787										
28173	Recording042	participant09_trial02	Entire Recording	1	fullstream	Fixation	Partial	150	61119	61339	220			0.45614	0.33954	2.68383										
28174	Recording042	participant09_trial02	Entire Recording	1	fullstream	Fixation	Partial	151	61539	61898	360			0.4902	0.39221	2.58957										
28175	Recording042	participant09_trial02	Entire Recording	1	fullstream	Fixation	Partial	152	62038	62298	260			0.46947	0.4158	2.57512										
28176	Recording042	participant09_trial02	Entire Recording	1	fullstream	Saccade	Partial	224	62298	62408	110							373.91	1187.91				0.46947	0.4158		
28177	Recording042	participant09_trial02	Entire Recording	1	fullstream	Saccade	Partial	225	62438	62468	30							140.93	164.78							
28178	Recording042	participant09_trial02	Entire Recording	1	fullstream	Saccade	Partial	226	62478	62558	80							248.39	341.83							
28179	Recording042	participant09_trial02	Entire Recording	1	fullstream	Saccade	Partial	227	62568	62578	10							100.4	100.4						0.60968	0.60777
28180	Recording042	participant09_trial02	Entire Recording	1	fullstream	Fixation	Whole	153	62578	62668	90			0.60968	0.60777	2.55789										
28181	Recording042	participant09_trial02	Entire Recording	1	fullstream	Saccade	Whole	228	62668	62708	40						128.77	202.14	245.4	10.27			0.60968	0.60777	0.51458	0.48936999999999997
28182	Recording042	participant09_trial02	Entire Recording	1	fullstream	Fixation	Whole	154	62708	62858	150			0.51458	0.48936999999999997	2.48152										
28183	Recording042	participant09_trial02	Entire Recording	1	fullstream	Saccade	Whole	229	62858	62878	20						278.78	107.25	111.75	1.35			0.51458	0.48936999999999997	0.51808	0.512
28184	Recording042	participant09_trial02	Entire Recording	1	fullstream	Fixation	Partial	155	62878	63018	140			0.51808	0.512	2.40956										
28185	Recording042	participant09_trial02	Entire Recording	1	fullstream	Saccade	Partial	230	63108	63138	30							140.08	190.18						0.48339	0.48617
28186	Recording042	participant09_trial02	Entire Recording	1	fullstream	Fixation	Whole	156	63138	63328	190			0.48339	0.48617	2.41775										
28187	Recording042	participant09_trial02	Entire Recording	1	fullstream	Saccade	Partial	231	63328	63338	10							128.81	128.81				0.48339	0.48617		
28188	Recording042	participant09_trial02	Entire Recording	1	fullstream	Saccade	Partial	232	63497	63527	30							112.54	130.75							
28189	Recording042	participant09_trial02	Entire Recording	1	fullstream	Saccade	Partial	233	63577	63607	30							100.55	100.55							
28190	Recording042	participant09_trial02	Entire Recording	1	fullstream	Saccade	Partial	234	63647	63667	20							153.59	167.57						0.50244	0.21345999999999998
28191	Recording042	participant09_trial02	Entire Recording	1	fullstream	Fixation	Partial	157	63667	63907	240			0.50244	0.21345999999999998	2.47949										
28192	Recording042	participant09_trial02	Entire Recording	1	fullstream	Fixation	Partial	158	63927	64007	80			0.50063	0.25594	2.39779										
28193	Recording042	participant09_trial02	Entire Recording	1	fullstream	Fixation	Partial	159	64127	64477	350			0.47126999999999997	0.24796999999999997	2.39115										
28194	Recording042	participant09_trial02	Entire Recording	1	fullstream	Saccade	Partial	235	64597	64627	30							212.48	262.41							
28195	Recording042	participant09_trial02	Entire Recording	1	fullstream	Fixation	Partial	160	64697	64997	300			0.46796000000000004	0.29068	2.3567										
28196	Recording042	participant09_trial02	Entire Recording	1	fullstream	Saccade	Partial	236	65116	65156	40							415.41	631.15							
28197	Recording042	participant09_trial02	Entire Recording	1	fullstream	Fixation	Partial	161	65266	65466	200			0.46833	0.24352	2.3776599999999997										
28198	Recording042	participant09_trial02	Entire Recording	1	fullstream	Fixation	Partial	162	65516	65766	250			0.46807	0.22145	2.33601										
28199	Recording042	participant09_trial02	Entire Recording	1	fullstream	Fixation	Partial	163	65776	65866	90			0.47553	0.21361	2.31981										
28200	Recording042	participant09_trial02	Entire Recording	1	fullstream	Fixation	Partial	164	66835	67885	1049			0.48783000000000004	0.18200999999999998	2.28288										
